<?xml version="1.0" encoding="UTF-8"?>
<project-private xmlns="http://www.netbeans.org/ns/project-private/1">
    <editor-bookmarks xmlns="http://www.netbeans.org/ns/editor-bookmarks/2" lastBookmarkId="0"/>
    <open-files xmlns="http://www.netbeans.org/ns/projectui-open-files/2">
        <group>
            <file>file:/C:/D/Aulas20241/ED-I/Aula%2010%20-%20ED%20de%20CCp%20-%20Pilhas%20dinâmicas%20encadeadas/PilhaEncadeada/src/pilha1/Aluno.java</file>
            <file>file:/C:/D/Aulas20241/ED-I/Aula%2010%20-%20ED%20de%20CCp%20-%20Pilhas%20dinâmicas%20encadeadas/PilhaEncadeada/src/pilha1/Pilha1.java</file>
        </group>
    </open-files>
</project-private>
