<?xml version="1.0" encoding="UTF-8"?>
<project-private xmlns="http://www.netbeans.org/ns/project-private/1">
    <editor-bookmarks xmlns="http://www.netbeans.org/ns/editor-bookmarks/2" lastBookmarkId="0"/>
    <open-files xmlns="http://www.netbeans.org/ns/projectui-open-files/2">
        <group>
            <file>file:/C:/D/Aulas%20%20%20%20%20%20%20%20%20%20%20%20%20%20%20%20%20-%20%20%20%202021%20-%201º%20semestre/ED-I/Aula%2007%20-%20ED%20de%20CCp%20-%20TADs%20-%20Pilhas%20estáticas%20sequenciais/PilhaEstaticaSequencialComObjetos/src/pilhaestaticasequencial/Pilha.java</file>
            <file>file:/C:/D/Aulas%20%20%20%20%20%20%20%20%20%20%20%20%20%20%20%20%20-%20%20%20%202021%20-%201º%20semestre/ED-I/Aula%2007%20-%20ED%20de%20CCp%20-%20TADs%20-%20Pilhas%20estáticas%20sequenciais/PilhaEstaticaSequencialComObjetos/src/pilhaestaticasequencial/Trabalhador.java</file>
            <file>file:/C:/D/Aulas%20%20%20%20%20%20%20%20%20%20%20%20%20%20%20%20%20-%20%20%20%202021%20-%201º%20semestre/ED-I/Aula%2007%20-%20ED%20de%20CCp%20-%20TADs%20-%20Pilhas%20estáticas%20sequenciais/PilhaEstaticaSequencialComObjetos/src/pilhaestaticasequencial/PilhaEstaticaSequencial.java</file>
            <file>file:/C:/D/Aulas%20%20%20%20%20%20%20%20%20%20%20%20%20%20%20%20%20-%20%20%20%202021%20-%201º%20semestre/ED-I/Aula%2007%20-%20ED%20de%20CCp%20-%20TADs%20-%20Pilhas%20estáticas%20sequenciais/PilhaEstaticaSequencialComObjetos/src/pilhaestaticasequencial/TAD_Pilha.java</file>
        </group>
    </open-files>
</project-private>
