<?xml version="1.0" encoding="UTF-8"?>
<project-private xmlns="http://www.netbeans.org/ns/project-private/1">
    <editor-bookmarks xmlns="http://www.netbeans.org/ns/editor-bookmarks/2" lastBookmarkId="0"/>
    <open-files xmlns="http://www.netbeans.org/ns/projectui-open-files/2">
        <group>
            <file>file:/C:/D/Aulas%20%20%20%20%20%20%20%20%20-%20%20%20%202017%20-%201º%20semestre/Aulas%20ED%20-%202017/ED-CCp/Aula%2012%20-%20ED%20de%20CCp%20-%20Genéricos.%20Listas%20ligadas%20dinâmicas%20com%20genéricos.%20Exercícios/LinkedListGenericos/src/pcklinkedlistgenericos/Principal.java</file>
            <file>file:/C:/D/Aulas%20%20%20%20%20%20%20%20%20-%20%20%20%202017%20-%201º%20semestre/Aulas%20ED%20-%202017/ED-CCp/Aula%2012%20-%20ED%20de%20CCp%20-%20Genéricos.%20Listas%20ligadas%20dinâmicas%20com%20genéricos.%20Exercícios/LinkedListGenericos/src/pcklinkedlistgenericos/Aluno.java</file>
            <file>file:/C:/D/Aulas%20%20%20%20%20%20%20%20%20-%20%20%20%202017%20-%201º%20semestre/Aulas%20ED%20-%202017/ED-CCp/Aula%2012%20-%20ED%20de%20CCp%20-%20Genéricos.%20Listas%20ligadas%20dinâmicas%20com%20genéricos.%20Exercícios/LinkedListGenericos/src/pcklinkedlistgenericos/Pessoa.java</file>
            <file>file:/C:/D/Aulas%20%20%20%20%20%20%20%20%20-%20%20%20%202017%20-%201º%20semestre/Aulas%20ED%20-%202017/ED-CCp/Aula%2012%20-%20ED%20de%20CCp%20-%20Genéricos.%20Listas%20ligadas%20dinâmicas%20com%20genéricos.%20Exercícios/LinkedListGenericos/src/pcklinkedlistgenericos/LinkedList.java</file>
        </group>
    </open-files>
</project-private>
